"Recipient ID","Contact ID",Status,"Sent At","Delivered At","Read At","Failed Reason"
205,115,failed,2026-09-30T08:23:04+00:00,,,"Rate limit hit"
206,116,failed,2026-09-30T08:23:05+00:00,,,"Rate limit hit"
207,117,failed,2026-09-30T08:23:07+00:00,,,"Rate limit hit"
208,118,delivered,2026-09-30T08:23:08+00:00,2026-09-30T08:23:11+00:00,,
209,119,failed,2026-09-30T08:23:09+00:00,,,"Rate limit hit"
210,120,failed,2026-09-30T08:23:11+00:00,,,"Rate limit hit"
211,121,failed,2026-09-30T08:23:12+00:00,,,"Rate limit hit"
212,122,failed,2026-09-30T08:23:13+00:00,,,"Message undeliverable"
213,123,failed,2026-09-30T08:23:15+00:00,,,"Rate limit hit"
214,124,failed,2026-09-30T08:23:16+00:00,,,"Rate limit hit"
215,125,failed,2026-09-30T08:23:17+00:00,,,"Rate limit hit"
216,126,failed,2026-09-30T08:23:18+00:00,,,"Message undeliverable"
217,127,failed,2026-09-30T08:23:19+00:00,,,"Rate limit hit"
218,128,failed,2026-09-30T08:23:21+00:00,,,"Message undeliverable"
219,129,failed,2026-09-30T08:23:22+00:00,,,"Rate limit hit"
220,130,failed,2026-09-30T08:23:23+00:00,,,"Rate limit hit"
221,131,failed,2026-09-30T08:23:25+00:00,,,"Rate limit hit"
222,132,failed,2026-09-30T08:23:26+00:00,,,"Rate limit hit"
223,133,failed,2026-09-30T08:23:27+00:00,,,"Rate limit hit"
224,134,failed,2026-09-30T08:23:29+00:00,,,"Rate limit hit"
225,135,failed,2026-09-30T08:23:30+00:00,,,"Rate limit hit"
226,136,failed,2026-09-30T08:23:31+00:00,,,"Rate limit hit"
227,137,failed,2026-09-30T08:23:32+00:00,,,"Rate limit hit"
228,138,failed,2026-09-30T08:23:33+00:00,,,"Rate limit hit"
229,139,failed,2026-09-30T08:23:35+00:00,,,"Rate limit hit"
230,140,failed,2026-09-30T08:23:36+00:00,,,"Rate limit hit"
231,141,failed,2026-09-30T08:23:37+00:00,,,"Rate limit hit"
232,142,failed,2026-09-30T08:23:39+00:00,,,"Rate limit hit"
233,143,failed,2026-09-30T08:23:40+00:00,,,"Rate limit hit"
234,144,failed,2026-09-30T08:23:41+00:00,,,"Message undeliverable"
235,145,failed,2026-09-30T08:23:43+00:00,,,"Message undeliverable"
236,146,failed,2026-09-30T08:23:44+00:00,,,"Rate limit hit"
237,147,failed,2026-09-30T08:23:45+00:00,,,"Rate limit hit"
238,148,failed,2026-09-30T08:23:46+00:00,,,"Message undeliverable"
239,149,failed,2026-09-30T08:23:47+00:00,,,"Rate limit hit"
240,150,failed,2026-09-30T08:23:48+00:00,,,"Message undeliverable"
241,151,failed,2026-09-30T08:23:50+00:00,,,"Rate limit hit"
242,152,failed,2026-09-30T08:23:51+00:00,,,"Rate limit hit"
243,153,failed,2026-09-30T08:23:52+00:00,,,"Rate limit hit"
244,154,failed,2026-09-30T08:23:54+00:00,,,"Rate limit hit"
245,155,failed,2026-09-30T08:23:55+00:00,,,"Rate limit hit"
246,156,failed,2026-09-30T08:23:56+00:00,,,"Rate limit hit"
247,157,failed,2026-09-30T08:23:57+00:00,,,"Rate limit hit"
248,158,failed,2026-09-30T08:23:59+00:00,,,"Rate limit hit"
249,159,failed,2026-09-30T08:24:00+00:00,,,"Message undeliverable"
250,160,failed,2026-09-30T08:24:01+00:00,,,"Rate limit hit"
251,161,failed,2026-09-30T08:24:02+00:00,,,"Message undeliverable"
252,162,failed,2026-09-30T08:24:03+00:00,,,"Rate limit hit"
253,163,failed,2026-09-30T08:24:04+00:00,,,"Rate limit hit"
254,164,failed,2026-09-30T08:24:06+00:00,,,"Rate limit hit"
255,165,failed,2026-09-30T08:24:07+00:00,,,"Rate limit hit"
256,166,failed,2026-09-30T08:24:09+00:00,,,"Rate limit hit"
257,167,failed,2026-09-30T08:24:10+00:00,,,"Rate limit hit"
258,168,failed,2026-09-30T08:24:11+00:00,,,"This message was not delivered to maintain healthy ecosystem engagement."
259,169,failed,2026-09-30T08:24:12+00:00,,,"Rate limit hit"
260,170,failed,2026-09-30T08:24:13+00:00,,,"Rate limit hit"
261,171,failed,2026-09-30T08:24:15+00:00,,,"Rate limit hit"
262,172,failed,2026-09-30T08:24:16+00:00,,,"Rate limit hit"
263,173,failed,2026-09-30T08:24:17+00:00,,,"Rate limit hit"
264,174,failed,2026-09-30T08:24:18+00:00,,,"Rate limit hit"
265,175,failed,2026-09-30T08:24:19+00:00,,,"Rate limit hit"
266,176,failed,2026-09-30T08:24:21+00:00,,,"Rate limit hit"
267,177,failed,2026-09-30T08:24:22+00:00,,,"Rate limit hit"
268,178,failed,2026-09-30T08:24:23+00:00,,,"Rate limit hit"
269,179,failed,2026-09-30T08:24:25+00:00,,,"Rate limit hit"
270,180,failed,2026-09-30T08:24:26+00:00,,,"Rate limit hit"
271,181,failed,2026-09-30T08:24:27+00:00,,,"Rate limit hit"
272,182,failed,2026-09-30T08:24:28+00:00,,,"Rate limit hit"
273,183,failed,2026-09-30T08:24:30+00:00,,,"Rate limit hit"
274,184,failed,2026-09-30T08:24:31+00:00,,,"Message undeliverable"
275,185,failed,2026-09-30T08:24:33+00:00,,,"Rate limit hit"
276,186,failed,2026-09-30T08:24:34+00:00,,,"Rate limit hit"
277,187,failed,2026-09-30T08:24:35+00:00,,,"Rate limit hit"
278,188,failed,2026-09-30T08:24:36+00:00,,,"Rate limit hit"
