"First Name","Last Name","Phone","Email","Tags","Opt-in WhatsApp","Opt-in SMS","Opt-in Email","Created At"
"Suryamani","Sahu","+918249550369","","","yes","yes","yes","2026-09-30 05:24:06"
"Saroj","Ku. Dhal","+917735243831","","","yes","yes","yes","2026-09-30 05:24:06"
"Pratap","Mirdho","+919556321288","","","yes","yes","yes","2026-09-30 05:24:06"
"Komal","Yadav","+919337207074","","","yes","yes","yes","2026-09-30 05:24:06"
"Narendra","Sahu","+916371623037","","","yes","yes","yes","2026-09-30 05:24:06"
"Pravat","Pradhan","+919583334335","","","yes","yes","yes","2026-09-30 05:24:06"
"Jyoti","R. Mohanty","+918249777366","","","yes","yes","yes","2026-09-30 05:24:06"
"Niyati","Pradhan","+919692642209","","","yes","yes","yes","2026-09-30 05:24:06"
"Rajkishore","Behera","+919439620795","","","yes","yes","yes","2026-09-30 05:24:06"
"Sujit","Ku. Palei","+918328945448","","","yes","yes","yes","2026-09-30 05:24:06"
"Ranjan","Ku. Patra","+918093481809","","","yes","yes","yes","2026-09-30 05:24:06"
"Bibek","Baral","+919778873326","","","yes","yes","yes","2026-09-30 05:24:06"
"Subrat","Behera","+917735007871","","","yes","yes","yes","2026-09-30 05:24:06"
"Bidyadhar","Das","+916370594127","","","yes","yes","yes","2026-09-30 05:24:06"
"B.","N Ratha","+919040207625","","","yes","yes","yes","2026-09-30 05:24:06"
"Sanjay","Ku. Sethi","+918249103644","","","yes","yes","yes","2026-09-30 05:24:06"
"Rajesh","Das","+918637249269","","","yes","yes","yes","2026-09-30 05:24:06"
"DiptiRanjan","Senapati","+917609992333","","","yes","yes","yes","2026-09-30 05:24:06"
"Chandan","Parida","+918984829852","","","yes","yes","yes","2026-09-30 05:24:06"
"Mihir","Ku. Barik","+919040842531","","","yes","yes","yes","2026-09-30 05:24:05"
"Jagannath","Choudhury","+917894117917","","","yes","yes","yes","2026-09-30 05:24:05"
"Gadadhar","Senapati","+918455803602","","","yes","yes","yes","2026-09-30 05:24:05"
"Nirupama","Mahalik","+919337562221","","","yes","yes","yes","2026-09-30 05:24:05"
"Saroj","Ku. Behera","+9171503542048","","","yes","yes","yes","2026-09-30 05:24:05"
"Ramesh","Moharana","+919937152661","","","yes","yes","yes","2026-09-30 05:24:05"
"Harichandan","Khatua","+918249993970","","","yes","yes","yes","2026-09-30 05:24:05"
"Bipin","Ku. Mallick","+916370181488","","","yes","yes","yes","2026-09-30 05:24:05"
"Manoranjan","Moharana","+919439062523","","","yes","yes","yes","2026-09-30 05:24:05"
"Deepak","Rout","+918847892608","","","yes","yes","yes","2026-09-30 05:24:05"
"Pravati","Behera","+918895008670","","","yes","yes","yes","2026-09-30 05:24:05"
"Saroj","Ku. Jena","+918018625969","","","yes","yes","yes","2026-09-30 05:24:05"
"Rashmi","R. Dash","+916370683659","","","yes","yes","yes","2026-09-30 05:24:05"
"Pradeep","Nayak","+919692028630","","","yes","yes","yes","2026-09-30 05:24:05"
"Manoranjan","Sahoo","+919078581621","","","yes","yes","yes","2026-09-30 05:24:05"
"Laxman","Samal","+918018935261","","","yes","yes","yes","2026-09-30 05:24:05"
"Suryamani","Mallick","+916372387081","","","yes","yes","yes","2026-09-30 05:24:05"
"Mahadeb","Nag","+918658822644","","","yes","yes","yes","2026-09-30 05:24:05"
"Asif","Mirza","+917381432404","","","yes","yes","yes","2026-09-30 05:24:05"
"Nira","Dehuri","+918144627064","","","yes","yes","yes","2026-09-30 05:24:05"
"Raju","","+919040780670","","","yes","yes","yes","2026-09-30 05:24:05"
"Umakanta","","+919658275867","","","yes","yes","yes","2026-09-30 05:24:05"
"Ram","Narayan","+918217852323","","","yes","yes","yes","2026-09-30 05:24:05"
"Pradosh","Ku. Sahu","+919556770637","","","yes","yes","yes","2026-09-30 05:24:05"
"Tapan","Ku. Behera","+919078063959","","","yes","yes","yes","2026-09-30 05:24:05"
"Manoj","Ku. Moharana","+918847840532","","","yes","yes","yes","2026-09-30 05:24:05"
"Sanghamita","Behera","+919337739289","","","yes","yes","yes","2026-09-30 05:24:05"
"Chauhan","Nayak","+919777650016","","","yes","yes","yes","2026-09-30 05:24:05"
"Gyana","Ranjan Sahu","+917735514271","","","yes","yes","yes","2026-09-30 05:24:05"
"Papu","","+918018929791","","","yes","yes","yes","2026-09-30 05:24:05"
"Janmejaya","Jena","+916370456266","","","yes","yes","yes","2026-09-30 05:24:04"
"Nanda","Kishore Das","+917064153664","","","yes","yes","yes","2026-09-30 05:24:04"
"Rakesh","P. Mohapatra","+917978547503","","","yes","yes","yes","2026-09-30 05:24:04"
"Prakash","Behera","+919937075561","","","yes","yes","yes","2026-09-30 05:24:04"
"Khageswar","Swain","+918125507434","","","yes","yes","yes","2026-09-30 05:24:04"
"Chandra","Sekhar Barik","+917205447545","","","yes","yes","yes","2026-09-30 05:24:04"
"Suraj","Ku. Das","+919827891104","","","yes","yes","yes","2026-09-30 05:24:04"
"Dev","Prakash Mohanta","+918847841024","","","yes","yes","yes","2026-09-30 05:24:04"
"Sunil","Nayak","+916370314548","","","yes","yes","yes","2026-09-30 05:24:04"
"Ramesh","ch. Sahoo","+917787915252","","","yes","yes","yes","2026-09-30 05:24:04"
"Sokadev","Singh","+918908690237","","","yes","yes","yes","2026-09-30 05:24:04"
"Lipuna","Sahoo","+919078566095","","","yes","yes","yes","2026-09-30 05:24:04"
"Prafula","Das","+917377334765","","","yes","yes","yes","2026-09-30 05:24:04"
"DibyaJyoti","Jena","+918623944398","","","yes","yes","yes","2026-09-30 05:24:04"
"Ananta","Das","+917008749754","","","yes","yes","yes","2026-09-30 05:24:04"
"Ajit","Ku. Mangaraj","+919777825093","","","yes","yes","yes","2026-09-30 05:24:04"
"Gouranaga","Mohanty","+919902559354","","","yes","yes","yes","2026-09-30 05:24:04"
"Ambupani","Nahar","+917205195239","","","yes","yes","yes","2026-09-30 05:24:04"
"Balaram","Bharati","+919668878257","","","yes","yes","yes","2026-09-30 05:24:04"
"Srimanta","Sahoo","+916372542421","","","yes","yes","yes","2026-09-30 05:24:04"
"mohapatrashisir24","","+918668799074","","","yes","yes","yes","2026-09-30 05:24:04"
"Deepak","Ku. Jena","+916370975621","","","yes","yes","yes","2026-09-30 05:24:04"
"Sagar","Pradhan","+918328872932","","","yes","yes","yes","2026-09-30 05:24:04"
"Snehalata","Panigrahi","+918895101235","","","yes","yes","yes","2026-09-30 05:24:04"
"Manoranjan","Bedanta","+919938709970","","","yes","yes","yes","2026-09-30 05:24:04"